<?xml version="1.0" encoding="UTF-8"?>
<office:document-content xmlns:office="urn:oasis:names:tc:opendocument:xmlns:office:1.0" xmlns:style="urn:oasis:names:tc:opendocument:xmlns:style:1.0" xmlns:text="urn:oasis:names:tc:opendocument:xmlns:text:1.0" xmlns:table="urn:oasis:names:tc:opendocument:xmlns:table:1.0" xmlns:draw="urn:oasis:names:tc:opendocument:xmlns:drawing:1.0" xmlns:fo="urn:oasis:names:tc:opendocument:xmlns:xsl-fo-compatible:1.0" xmlns:xlink="http://www.w3.org/1999/xlink" xmlns:dc="http://purl.org/dc/elements/1.1/" xmlns:meta="urn:oasis:names:tc:opendocument:xmlns:meta:1.0" xmlns:number="urn:oasis:names:tc:opendocument:xmlns:datastyle:1.0" xmlns:presentation="urn:oasis:names:tc:opendocument:xmlns:presentation:1.0" xmlns:svg="urn:oasis:names:tc:opendocument:xmlns:svg-compatible:1.0" xmlns:chart="urn:oasis:names:tc:opendocument:xmlns:chart:1.0" xmlns:dr3d="urn:oasis:names:tc:opendocument:xmlns:dr3d:1.0" xmlns:math="http://www.w3.org/1998/Math/MathML" xmlns:form="urn:oasis:names:tc:opendocument:xmlns:form:1.0" xmlns:script="urn:oasis:names:tc:opendocument:xmlns:script:1.0" xmlns:ooo="http://openoffice.org/2004/office" xmlns:ooow="http://openoffice.org/2004/writer" xmlns:oooc="http://openoffice.org/2004/calc" xmlns:dom="http://www.w3.org/2001/xml-events" xmlns:xforms="http://www.w3.org/2002/xforms" xmlns:xsd="http://www.w3.org/2001/XMLSchema" xmlns:xsi="http://www.w3.org/2001/XMLSchema-instance" xmlns:rpt="http://openoffice.org/2005/report" xmlns:of="urn:oasis:names:tc:opendocument:xmlns:of:1.2" xmlns:xhtml="http://www.w3.org/1999/xhtml" xmlns:grddl="http://www.w3.org/2003/g/data-view#" xmlns:tableooo="http://openoffice.org/2009/table" xmlns:drawooo="http://openoffice.org/2010/draw" xmlns:calcext="urn:org:documentfoundation:names:experimental:calc:xmlns:calcext:1.0" xmlns:loext="urn:org:documentfoundation:names:experimental:office:xmlns:loext:1.0" xmlns:field="urn:openoffice:names:experimental:ooo-ms-interop:xmlns:field:1.0" xmlns:formx="urn:openoffice:names:experimental:ooxml-odf-interop:xmlns:form:1.0" xmlns:css3t="http://www.w3.org/TR/css3-text/" office:version="1.2"><office:scripts/><office:font-face-decls><style:font-face style:name="Liberation Sans" svg:font-family="&apos;Liberation Sans&apos;" style:font-family-generic="swiss" style:font-pitch="variable"/><style:font-face style:name="DejaVu Sans" svg:font-family="&apos;DejaVu Sans&apos;" style:font-family-generic="system" style:font-pitch="variable"/><style:font-face style:name="Lucida Sans" svg:font-family="&apos;Lucida Sans&apos;" style:font-family-generic="system" style:font-pitch="variable"/></office:font-face-decls><office:automatic-styles><style:style style:name="co1" style:family="table-column"><style:table-column-properties fo:break-before="auto" style:column-width="2.258cm"/></style:style><style:style style:name="ro1" style:family="table-row"><style:table-row-properties style:row-height="0.612cm" fo:break-before="auto" style:use-optimal-row-height="true"/></style:style><style:style style:name="ro2" style:family="table-row"><style:table-row-properties style:row-height="0.452cm" fo:break-before="auto" style:use-optimal-row-height="true"/></style:style><style:style style:name="ro3" style:family="table-row"><style:table-row-properties style:row-height="0.829cm" fo:break-before="auto" style:use-optimal-row-height="true"/></style:style><style:style style:name="ta1" style:family="table" style:master-page-name="Default"><style:table-properties table:display="true" style:writing-mode="lr-tb"/></style:style><style:style style:name="ce1" style:family="table-cell" style:parent-style-name="Default"><style:text-properties fo:font-size="14pt" style:font-size-asian="14pt" style:font-size-complex="14pt"/></style:style><style:style style:name="ce2" style:family="table-cell" style:parent-style-name="Default"><style:table-cell-properties fo:wrap-option="wrap"/></style:style></office:automatic-styles><office:body><office:spreadsheet><table:table table:name="Лист1" table:style-name="ta1"><table:table-column table:style-name="co1" table:number-columns-repeated="8" table:default-cell-style-name="Default"/><table:table-row table:style-name="ro1"><table:table-cell table:style-name="ce1" office:value-type="string" calcext:value-type="string"><text:p>Обороты</text:p></table:table-cell><table:table-cell table:number-columns-repeated="7"/></table:table-row><table:table-row table:style-name="ro2"><table:table-cell table:number-columns-repeated="8"/></table:table-row><table:table-row table:style-name="ro2"><table:table-cell office:value-type="string" calcext:value-type="string"><text:p>Период,</text:p></table:table-cell><table:table-cell table:number-columns-repeated="7"/></table:table-row><table:table-row table:style-name="ro2"><table:table-cell office:value-type="string" calcext:value-type="string"><text:p>По дату,</text:p></table:table-cell><table:table-cell table:number-columns-repeated="7"/></table:table-row><table:table-row table:style-name="ro2"><table:table-cell table:number-columns-repeated="8"/></table:table-row><table:table-row table:style-name="ro3"><table:table-cell table:style-name="ce2" office:value-type="string" calcext:value-type="string"><text:p>Медсредство</text:p></table:table-cell><table:table-cell table:style-name="ce2" office:value-type="string" calcext:value-type="string"><text:p>Хранилище</text:p></table:table-cell><table:table-cell table:style-name="ce2" office:value-type="string" calcext:value-type="string"><text:p>Цель</text:p></table:table-cell><table:table-cell table:style-name="ce2" office:value-type="string" calcext:value-type="string"><text:p>Партия</text:p></table:table-cell><table:table-cell table:style-name="ce2" office:value-type="string" calcext:value-type="string"><text:p>Форма</text:p></table:table-cell><table:table-cell table:style-name="ce2" office:value-type="string" calcext:value-type="string"><text:p>Фасовка</text:p></table:table-cell><table:table-cell table:style-name="ce2" office:value-type="string" calcext:value-type="string"><text:p>Единица</text:p></table:table-cell><table:table-cell table:style-name="ce2" office:value-type="string" calcext:value-type="string"><text:p>Итоговый остаток</text:p></table:table-cell></table:table-row>

<table:table-row table:style-name="ro2">
<table:table-cell table:style-name="ce2" office:value-type="string" calcext:value-type="string"><text:p>Медсредство 1</text:p></table:table-cell>
<table:table-cell table:style-name="ce2" office:value-type="string" calcext:value-type="string"><text:p>----</text:p></table:table-cell>
<table:table-cell table:style-name="ce2" office:value-type="string" calcext:value-type="string"><text:p>----</text:p></table:table-cell>
<table:table-cell table:style-name="ce2" office:value-type="string" calcext:value-type="string"><text:p>----</text:p></table:table-cell>
<table:table-cell table:style-name="ce2" office:value-type="string" calcext:value-type="string"><text:p>----</text:p></table:table-cell>
<table:table-cell table:style-name="ce2" office:value-type="string" calcext:value-type="string"><text:p>Фасовка 1</text:p></table:table-cell>
<table:table-cell table:style-name="ce2" office:value-type="string" calcext:value-type="string"><text:p>Единица 1</text:p></table:table-cell>

<table:table-cell table:style-name="ce2" office:value-type="float" office:value="-2" calcext:value-type="float"><text:p>-2</text:p></table:table-cell>

</table:table-row>

<table:table-row table:style-name="ro2">
<table:table-cell table:style-name="ce2" office:value-type="string" calcext:value-type="string"><text:p>Медсредство 1</text:p></table:table-cell>
<table:table-cell table:style-name="ce2" office:value-type="string" calcext:value-type="string"><text:p>Хранилище 2</text:p></table:table-cell>
<table:table-cell table:style-name="ce2" office:value-type="string" calcext:value-type="string"><text:p>----</text:p></table:table-cell>
<table:table-cell table:style-name="ce2" office:value-type="string" calcext:value-type="string"><text:p>----</text:p></table:table-cell>
<table:table-cell table:style-name="ce2" office:value-type="string" calcext:value-type="string"><text:p>----</text:p></table:table-cell>
<table:table-cell table:style-name="ce2" office:value-type="string" calcext:value-type="string"><text:p>Фасовка 1</text:p></table:table-cell>
<table:table-cell table:style-name="ce2" office:value-type="string" calcext:value-type="string"><text:p>Единица 1</text:p></table:table-cell>

<table:table-cell table:style-name="ce2" office:value-type="float" office:value="4" calcext:value-type="float"><text:p>4</text:p></table:table-cell>

</table:table-row>

<table:table-row table:style-name="ro2">
<table:table-cell table:style-name="ce2" office:value-type="string" calcext:value-type="string"><text:p>Медсредство 1</text:p></table:table-cell>
<table:table-cell table:style-name="ce2" office:value-type="string" calcext:value-type="string"><text:p>----</text:p></table:table-cell>
<table:table-cell table:style-name="ce2" office:value-type="string" calcext:value-type="string"><text:p>----</text:p></table:table-cell>
<table:table-cell table:style-name="ce2" office:value-type="string" calcext:value-type="string"><text:p>----</text:p></table:table-cell>
<table:table-cell table:style-name="ce2" office:value-type="string" calcext:value-type="string"><text:p>----</text:p></table:table-cell>
<table:table-cell table:style-name="ce2" office:value-type="string" calcext:value-type="string"><text:p>Фасовка 2</text:p></table:table-cell>
<table:table-cell table:style-name="ce2" office:value-type="string" calcext:value-type="string"><text:p>Единица 1</text:p></table:table-cell>

<table:table-cell table:style-name="ce2" office:value-type="float" office:value="3" calcext:value-type="float"><text:p>3</text:p></table:table-cell>

</table:table-row>

<table:table-row table:style-name="ro2">
<table:table-cell table:style-name="ce2" office:value-type="string" calcext:value-type="string"><text:p>Медсредство 2</text:p></table:table-cell>
<table:table-cell table:style-name="ce2" office:value-type="string" calcext:value-type="string"><text:p>----</text:p></table:table-cell>
<table:table-cell table:style-name="ce2" office:value-type="string" calcext:value-type="string"><text:p>----</text:p></table:table-cell>
<table:table-cell table:style-name="ce2" office:value-type="string" calcext:value-type="string"><text:p>----</text:p></table:table-cell>
<table:table-cell table:style-name="ce2" office:value-type="string" calcext:value-type="string"><text:p>----</text:p></table:table-cell>
<table:table-cell table:style-name="ce2" office:value-type="string" calcext:value-type="string"><text:p>Фасовка 2</text:p></table:table-cell>
<table:table-cell table:style-name="ce2" office:value-type="string" calcext:value-type="string"><text:p>Единица 2</text:p></table:table-cell>

<table:table-cell table:style-name="ce2" office:value-type="float" office:value="2" calcext:value-type="float"><text:p>2</text:p></table:table-cell>

</table:table-row>

</table:table><table:named-expressions/></office:spreadsheet></office:body></office:document-content>