<?xml version="1.0" encoding="UTF-8"?>
<office:document-meta xmlns:office="urn:oasis:names:tc:opendocument:xmlns:office:1.0" xmlns:xlink="http://www.w3.org/1999/xlink" xmlns:dc="http://purl.org/dc/elements/1.1/" xmlns:meta="urn:oasis:names:tc:opendocument:xmlns:meta:1.0" xmlns:ooo="http://openoffice.org/2004/office" xmlns:grddl="http://www.w3.org/2003/g/data-view#" office:version="1.2"><office:meta><meta:creation-date>2016-04-22T15:51:39.310273572</meta:creation-date><dc:date>2016-04-22T21:06:17.827086076</dc:date><meta:editing-duration>PT17M22S</meta:editing-duration><meta:editing-cycles>4</meta:editing-cycles><meta:generator>LibreOffice/4.2.5.2$Linux_x86 LibreOffice_project/420m0$Build-2</meta:generator><meta:document-statistic meta:table-count="1" meta:cell-count="19" meta:object-count="0"/></office:meta></office:document-meta>